key,source,number,parent,date,type,status,address,title,expires,link,first_seen,last_seen
cftod:7898,cftod-docs,FY2027-Utilities-Final-Budget.pdf,,2026-09-29,Document,Posted,Central Florida Tourism Oversight District,FY2027 Utilities Final Budget,,https://www.oversightdistrict.org/wp-content/uploads/2026/09/FY2027-Utilities-Final-Budget.pdf,2026-09-29T18:39:45Z,2026-10-04T00:40:49Z
cftod:7900,cftod-docs,FY2027-Final-Budget-General-and-Debt-Service-Funds.pdf,,2026-09-29,Document,Posted,Central Florida Tourism Oversight District,FY2027 Final Budget General and Debt Service Funds,,https://www.oversightdistrict.org/wp-content/uploads/2026/09/FY2027-Final-Budget-General-and-Debt-Service-Funds.pdf,2026-09-29T18:39:45Z,2026-10-04T00:40:49Z
cftod:7450,cftod-docs,6-26-2026-Agenda-Final.pdf,,2026-06-18,Agenda,Posted,Central Florida Tourism Oversight District,6-26-2026-Agenda-Final,,https://www.oversightdistrict.org/wp-content/uploads/2026/06/6-26-2026-Agenda-Final.pdf,2026-09-26T22:14:31Z,2026-09-29T10:43:19Z
cftod:7458,cftod-docs,6-26-2026-BOS-Packet-FINAL.pdf,,2026-06-24,Board packet,Posted,Central Florida Tourism Oversight District,Packet,,https://www.oversightdistrict.org/wp-content/uploads/2026/06/6-26-2026-BOS-Packet-FINAL.pdf,2026-09-26T22:14:31Z,2026-09-29T10:43:19Z
cftod:7459,cftod-docs,6-26-2026-Agenda-Final-1.pdf,,2026-06-24,Agenda,Posted,Central Florida Tourism Oversight District,6-26-2026 Agenda Final,,https://www.oversightdistrict.org/wp-content/uploads/2026/06/6-26-2026-Agenda-Final-1.pdf,2026-09-26T22:14:31Z,2026-09-29T10:43:19Z
cftod:7462,cftod-docs,05-29-2026-Meeting-Minutes.pdf,,2026-06-29,Minutes,Posted,Central Florida Tourism Oversight District,05-29-2026 Meeting Minutes,,https://www.oversightdistrict.org/wp-content/uploads/2026/06/05-29-2026-Meeting-Minutes.pdf,2026-09-26T22:14:31Z,2026-10-04T00:40:49Z
cftod:7472,cftod-docs,1.0-PCB-Meeting-Agenda-08-20-26.pdf,,2026-07-07,Agenda,Posted,Central Florida Tourism Oversight District,1.0 PCB Meeting Agenda 08-20-26,,https://www.oversightdistrict.org/wp-content/uploads/2026/07/1.0-PCB-Meeting-Agenda-08-20-26.pdf,2026-09-26T22:14:31Z,2026-10-04T00:40:49Z
cftod:7510,cftod-docs,7-24-2026-BOS-Agenda-Final.pdf,,2026-07-17,Agenda,Posted,Central Florida Tourism Oversight District,Agenda,,https://www.oversightdistrict.org/wp-content/uploads/2026/07/7-24-2026-BOS-Agenda-Final.pdf,2026-09-26T22:14:31Z,2026-10-04T00:40:49Z
cftod:7511,cftod-docs,7-24-2026-Planning-Board-Agenda-Final.pdf,,2026-07-17,Agenda,Posted,Central Florida Tourism Oversight District,Agenda,,https://www.oversightdistrict.org/wp-content/uploads/2026/07/7-24-2026-Planning-Board-Agenda-Final.pdf,2026-09-26T22:14:31Z,2026-10-04T00:40:49Z
cftod:7516,cftod-docs,7-24-2026-BOS-Agenda-Final-1.pdf,,2026-07-22,Agenda,Posted,Central Florida Tourism Oversight District,Agenda,,https://www.oversightdistrict.org/wp-content/uploads/2026/07/7-24-2026-BOS-Agenda-Final-1.pdf,2026-09-26T22:14:31Z,2026-10-04T00:40:49Z
cftod:7518,cftod-docs,7-24-2026-Planning-Board-Packet-Final.pdf,,2026-07-22,Board packet,Posted,Central Florida Tourism Oversight District,Packet,,https://www.oversightdistrict.org/wp-content/uploads/2026/07/7-24-2026-Planning-Board-Packet-Final.pdf,2026-09-26T22:14:31Z,2026-10-04T00:40:49Z
cftod:7519,cftod-docs,07-24-2026-BOS-Packet-Final_c.pdf,,2026-07-22,Board packet,Posted,Central Florida Tourism Oversight District,Packet,,https://www.oversightdistrict.org/wp-content/uploads/2026/07/07-24-2026-BOS-Packet-Final_c.pdf,2026-09-26T22:14:31Z,2026-10-04T00:40:49Z
cftod:7530,cftod-docs,06-26-2026-Meeting-Minutes.pdf,,2026-07-27,Minutes,Posted,Central Florida Tourism Oversight District,Minutes,,https://www.oversightdistrict.org/wp-content/uploads/2026/07/06-26-2026-Meeting-Minutes.pdf,2026-09-26T22:14:31Z,2026-10-04T00:40:49Z
cftod:7705,cftod-docs,8-20-26-PCB-Packet.pdf,,2026-08-14,Board packet,Posted,Central Florida Tourism Oversight District,8-20-26 PCB Packet,,https://www.oversightdistrict.org/wp-content/uploads/2026/07/8-20-26-PCB-Packet.pdf,2026-09-26T22:14:31Z,2026-10-04T00:40:49Z
cftod:7730,cftod-docs,8-28-2026-BOS-Agenda-Final.pdf,,2026-08-21,Agenda,Posted,Central Florida Tourism Oversight District,Agenda,,https://www.oversightdistrict.org/wp-content/uploads/2026/08/8-28-2026-BOS-Agenda-Final.pdf,2026-09-26T22:14:31Z,2026-10-04T00:40:49Z
cftod:7736,cftod-docs,8-28-2026-BOS-Packet-Final.pdf,,2026-08-26,Board packet,Posted,Central Florida Tourism Oversight District,Packet,,https://www.oversightdistrict.org/wp-content/uploads/2026/08/8-28-2026-BOS-Packet-Final.pdf,2026-09-26T22:14:31Z,2026-10-04T00:40:49Z
cftod:7738,cftod-docs,07-24-2026-Meeting-Minutes.pdf,,2026-08-28,Minutes,Posted,Central Florida Tourism Oversight District,Minutes,,https://www.oversightdistrict.org/wp-content/uploads/2026/08/07-24-2026-Meeting-Minutes.pdf,2026-09-26T22:14:31Z,2026-10-04T00:40:49Z
cftod:7766,cftod-docs,Utilities-Tentative-Budget-FY2027.pdf,,2026-09-04,Document,Posted,Central Florida Tourism Oversight District,Utilities Tentative Budget FY2027,,https://www.oversightdistrict.org/wp-content/uploads/2026/09/Utilities-Tentative-Budget-FY2027.pdf,2026-09-26T22:14:31Z,2026-10-04T00:40:49Z
cftod:7767,cftod-docs,FY2027-Tentative-Budget-Gen-Fund-and-Debt-Serv-Fund.pdf,,2026-09-04,Document,Posted,Central Florida Tourism Oversight District,FY2027 Tentative Budget Gen Fund and Debt Serv Fund,,https://www.oversightdistrict.org/wp-content/uploads/2026/09/FY2027-Tentative-Budget-Gen-Fund-and-Debt-Serv-Fund.pdf,2026-09-26T22:14:31Z,2026-10-04T00:40:49Z
cftod:7768,cftod-docs,Budget-Amendment.pdf,,2026-09-04,Document,Posted,Central Florida Tourism Oversight District,Budget Amendment,,https://www.oversightdistrict.org/wp-content/uploads/2026/09/Budget-Amendment.pdf,2026-09-26T22:14:31Z,2026-10-04T00:40:49Z
cftod:7779,cftod-docs,FY2027-Tentative-Budget-Gen-Fund-and-Debt-Serv-Fund-1.pdf,,2026-09-08,Document,Posted,Central Florida Tourism Oversight District,FY2027 Tentative Budget Gen Fund and Debt Serv Fund 1,,https://www.oversightdistrict.org/wp-content/uploads/2026/09/FY2027-Tentative-Budget-Gen-Fund-and-Debt-Serv-Fund-1.pdf,2026-09-26T22:14:31Z,2026-10-04T00:40:49Z
cftod:7847,cftod-docs,08-28-2026-Meeting-Minutes.pdf,,2026-09-14,Minutes,Posted,Central Florida Tourism Oversight District,Minutes,,https://www.oversightdistrict.org/wp-content/uploads/2026/09/08-28-2026-Meeting-Minutes.pdf,2026-09-26T22:14:31Z,2026-10-04T00:40:49Z
sfwmd:260615-65072,sfwmd-erp,260615-65072,48-117108-P,2026-06-15,New,Resolved-Completed,Lake Buena Vista,GF Parking Modifications,issued 2026-08-07,https://www.sfwmd.gov/regpermitting,2026-09-26T22:14:31Z,2026-10-04T00:40:49Z
sfwmd:260708-65667,sfwmd-erp,260708-65667,48-117419-P,2026-07-14,New,Pending-No Response,Lake Buena Vista,Typhoon Lagoon Backstage Parking Lot,,https://www.sfwmd.gov/regpermitting,2026-09-26T22:14:31Z,2026-10-04T00:40:49Z
sfwmd:260803-66441,sfwmd-erp,260803-66441,48-117576-P,2026-08-03,New,Resolved-Completed,Lake Buena Vista,Admin Area Truck Maintenance Facility,issued 2026-08-28,https://www.sfwmd.gov/regpermitting,2026-09-26T22:14:31Z,2026-10-04T00:40:49Z
sfwmd:260824-67093,sfwmd-erp,260824-67093,48-117681-P,2026-08-24,New,Pending-TechnicalReview,Lake Buena Vista,NSA Dock Expansion,,https://www.sfwmd.gov/regpermitting,2026-09-26T22:14:31Z,2026-10-04T00:40:49Z
